"externalUrl","bioLinks/0/title","bioLinks/0/url","bioLinks/1/title","bioLinks/1/url","bioLinks/2/title","bioLinks/2/url","bioLinks/3/title","bioLinks/3/url","bioLinks/4/title","bioLinks/4/url","isBusiness","profilePicUrl","followerCount","contactPhoneNumber","fullName","publicPhoneNumber","publicPhoneCountryCode","hasVideos","cityName","isVerified","username","category","biography"
"http://www.vintagepalestine.com","","http://www.vintagepalestine.com",,,,,,,,,"false","https://scontent-waw2-2.cdninstagram.com/v/t51.2885-19/11375771_1203158599698484_1477761775_a.jpg?_nc_ht=scontent-waw2-2.cdninstagram.com&_nc_cat=104&_nc_ohc=W5xKGnUk7r0Ab5LNdaL&edm=AEF8tYYBAAAA&ccb=7-5&oh=00_AfCRjShq-c1rWa1eNt4HQfqgpP13edzx4n_LWNZ-4avrhg&oe=66302473&_nc_sid=1e20d2","122331","","palestine","","","true","","false","palestine","Журналист","If you support Palestine-follow us. We have partnered with @vintagepalestineapparel. Website:"
"https://www.patreon.com/eyeonpalestine","Support Us","https://www.patreon.com/eyeonpalestine","Our channel on telegram","https://t.me/eyeonpal",,,,,,,"true","https://instagram.fjdo10-1.fna.fbcdn.net/v/t51.2885-19/313790849_822242352419103_1611192023029925851_n.jpg?_nc_ht=instagram.fjdo10-1.fna.fbcdn.net&_nc_cat=1&_nc_ohc=3Qt_8slDux8Ab7JnZHT&edm=AEF8tYYBAAAA&ccb=7-5&oh=00_AfBAI9n2r2Jt-QSEEOe824xM0tZrPNZo2gHAB0uyocG1hw&oe=662F2FFB&_nc_sid=1e20d2","11802307","","Eye On Palestine","","","true","","true","eye.on.palestine","Site de notícias e mídia","🇵🇸 Find Us on Facebook, X , Telegram & Threads
🇵🇸 The ONLY Backup Account  @eye.on.palestine2"
"http://www.vintagepalestine.com","","http://www.vintagepalestine.com",,,,,,,,,"false","https://scontent-waw2-2.cdninstagram.com/v/t51.2885-19/11375771_1203158599698484_1477761775_a.jpg?_nc_ht=scontent-waw2-2.cdninstagram.com&_nc_cat=104&_nc_ohc=W5xKGnUk7r0Ab5LNdaL&edm=AEF8tYYBAAAA&ccb=7-5&oh=00_AfCRjShq-c1rWa1eNt4HQfqgpP13edzx4n_LWNZ-4avrhg&oe=66302473&_nc_sid=1e20d2","122331","","palestine","","","true","","false","palestine","Журналист","If you support Palestine-follow us. We have partnered with @vintagepalestineapparel. Website:"
"https://www.middleeasteye.net/news/nyu-builds-wall-around-business-school-protests-reach-harvard","A campus without walls article","https://www.middleeasteye.net/news/nyu-builds-wall-around-business-school-protests-reach-harvard","AAUP response to Linda Mills","https://www.nyuclaws.org/news-and-current-actions/aaup-response-to-linda-mills-april-23","sign on to PSC!","https://cryptpad.fr/form/%23/2/form/view/TFxWNkH9EMHOW2BY++2WIC97BOdHLMYe6C1cYzsBbS8/","Info and How to join!","https://linktr.ee/nyupalcoalition",,,"false","https://instagram.fkxe1-1.fna.fbcdn.net/v/t51.2885-19/438390070_788604776528971_224988488698026775_n.jpg?_nc_ht=instagram.fkxe1-1.fna.fbcdn.net&_nc_cat=107&_nc_ohc=mjHzIJFctcMQ7kNvgGfEROp&edm=AEF8tYYBAAAA&ccb=7-5&oh=00_AfCcVDYSSUiK-TlxSgTZNXex8lWqIx7DDAonDKVYcGJ1zA&oe=66303738&_nc_sid=1e20d2","4853",,"NYU PALESTINE SOLIDARITY COALITION",,,"false",,"false","nyu.psc",,"We organize to break the university's ties with the apartheid settler-colonial state"
"https://www.paypal.com/donate/?hosted_button_id=7K97PXFDD2NC4","Support us","https://www.paypal.com/donate/?hosted_button_id=7K97PXFDD2NC4",,,,,,,,,"false","https://scontent-fco2-1.cdninstagram.com/v/t51.2885-19/405764278_915323583267252_457215099787979714_n.jpg?_nc_ht=scontent-fco2-1.cdninstagram.com&_nc_cat=1&_nc_ohc=B7H0endu2dIAb5y33WD&edm=AEF8tYYBAAAA&ccb=7-5&oh=00_AfD7lC2tvwup4DaSrM_dD9An2rZv-4kIzSDyDGRSf8alhw&oe=66303F19&_nc_sid=1e20d2","551067","","Palestine Pixel","","","true","","false","palestine.pixel","Agenzia media/stampa","🇵🇸 Daily news from Palestine. @palestine.pixel2
you can support our team:"
"https://t.me/palestine19a","تيليجرام","https://t.me/palestine19a",,,,,,,,,"false","https://instagram.fbkk5-7.fna.fbcdn.net/v/t51.2885-19/393238832_2698790233593871_4191700740434535134_n.jpg?_nc_ht=instagram.fbkk5-7.fna.fbcdn.net&_nc_cat=107&_nc_ohc=T-jsIDsA-nsAb5gfMrX&edm=AEF8tYYBAAAA&ccb=7-5&oh=00_AfDED3PENV_oo0C7WdowYtZJhHaTSlTKXoI1rWXmTf7WyQ&oe=663020E3&_nc_sid=1e20d2","345063","+972597737135","Palestine🤍 فلسطين","597737135","972","false","","false","palestine1.a","Личный блог","الصفحة الاولى  @m.palestine 
على كتفي كوفية و في قلبي وطن 
صفحة بتنشر الصور و الفيديوهات لتعزيز الهوية الفلسطينية🇵🇸"
"https://yt.openinapp.co/k4ges","SUBSCRIBE MUSLIM YOUTH","https://yt.openinapp.co/k4ges",,,,,,,,,"false","https://scontent-fra5-1.cdninstagram.com/v/t51.2885-19/420469117_350057794577642_3641969025908858111_n.jpg?_nc_ht=scontent-fra5-1.cdninstagram.com&_nc_cat=102&_nc_ohc=WcZJLXqwPJoQ7kNvgF4539J&edm=AEF8tYYBAAAA&ccb=7-5&oh=00_AfCiCo4bqM4IYD-8wUmtkPlE7NKPKwG82-lg6fUV2uyFPA&oe=66303503&_nc_sid=1e20d2","32606","","🇯🇴𝐅𝐑𝐄𝐄 𝐏𝐀𝐋𝐄𝐒𝐓𝐈𝐍𝐄🇯🇴","","","false","","false","_muslimyouth_deen","Личный блог","𝐀𝐋𝐇𝐀𝐌𝐃𝐔𝐋𝐈𝐋𝐋𝐀𝐇 𝐅𝐎𝐑 𝐄𝐕𝐄𝐑𝐘𝐓𝐇𝐈𝐍𝐆 🤍
𝟐 𝐁𝐈𝐋𝐋𝐈𝐎𝐍𝐒 𝐌𝐔𝐒𝐋𝐈𝐌 𝐈𝐍 𝐖𝐎𝐑𝐋𝐃"
"","Perfil de Facebook","",,,,,,,,,"false","https://instagram.faep8-2.fna.fbcdn.net/v/t51.2885-19/413922504_403896985323536_5137231696838421432_n.jpg?_nc_ht=instagram.faep8-2.fna.fbcdn.net&_nc_cat=108&_nc_ohc=3mECH34gkIcAb790q1i&edm=AEF8tYYBAAAA&ccb=7-5&oh=00_AfC7YtcLSxHXvTtRGlRMG82UmWjaia0_EtJU0WgAk6ta0g&oe=66303F41&_nc_sid=1e20d2","43677","","Palestini Alsaif","","","false","","false","palestine_alsif001","Creador de videos","There cannot be peace in the Middle East without giving Palestinians their full rights.🇵🇸🇵🇸"
"https://linktr.ee/ottawa4palestine","","https://linktr.ee/ottawa4palestine",,,,,,,,,"true","https://instagram.fsof11-1.fna.fbcdn.net/v/t51.2885-19/401247352_3623694927849931_6364051891299910084_n.jpg?_nc_ht=instagram.fsof11-1.fna.fbcdn.net&_nc_cat=107&_nc_ohc=Q5QebAM5k4YAb7rNKDj&edm=AEF8tYYBAAAA&ccb=7-5&oh=00_AfCIpLVy8Xk0x52NQuojvhWomEewsZANGEma5RPyIjceiw&oe=663024B7&_nc_sid=1e20d2","10095","","Ottawa 4 Palestine","","","false","","false","ottawa4.palestine","Community","📍 Algonquin Territory
🇵🇸 Unified in solidarity with Palestine 
🇵🇸 From the River2theSea🔻
🇵🇸 #O4P amplifies the voices of the oppressed in Palestine"
"http://www.roiramallah.gov.in/","","http://www.roiramallah.gov.in/",,,,,,,,,"true","https://instagram.fasu4-1.fna.fbcdn.net/v/t51.2885-19/296788945_382859390645390_5415257077740732140_n.jpg?_nc_ht=instagram.fasu4-1.fna.fbcdn.net&_nc_cat=102&_nc_ohc=lXVCTmidsZ0Q7kNvgEAaKuu&edm=AEF8tYYBAAAA&ccb=7-5&oh=00_AfAYDLEkhdgPGW39EFkVg6_0C88agw6K8RgPKmphWQ6jWQ&oe=66303BB4&_nc_sid=1e20d2","24165","+97022987472","India in Palestine","22987472","970","true","Ramallah, Palestine","true","india_in_palestine","Consulado y embajada","مكتب الممثلية الهندية في فلسطين
‏This is the official Instagram account of the Representative Office of India, Palestine"
"https://grantthevisas.com/?fbclid=PAAaZgi1v24NhGvGZgtxa1FoeAFvfY5RV8DTz4gXDoWRRj_YlAPCFWf3OuOQw_aem_AZLISSPX6OQFqqh6OWTRkGCN322VZQKocDEH6dVRel3d44XdO6E7KxOEI15eYwTvTGc","GRANT THE VISAS","https://grantthevisas.com/?fbclid=PAAaZgi1v24NhGvGZgtxa1FoeAFvfY5RV8DTz4gXDoWRRj_YlAPCFWf3OuOQw_aem_AZLISSPX6OQFqqh6OWTRkGCN322VZQKocDEH6dVRel3d44XdO6E7KxOEI15eYwTvTGc",,,,,,,,,"false","https://instagram.fdar7-1.fna.fbcdn.net/v/t51.2885-19/431377703_404701378812716_8163765181220583553_n.jpg?_nc_ht=instagram.fdar7-1.fna.fbcdn.net&_nc_cat=108&_nc_ohc=Vo1UgNPXiOcAb5QguUg&edm=AEF8tYYBAAAA&ccb=7-5&oh=00_AfAitjEb7f2DiEKxI32MDI1kdObPOsopyI0aqdx8Saa4zw&oe=663024E2&_nc_sid=1e20d2","1865","","Palestine Collective","","","false","","false","palestine_collective","Community","A diverse and disruptive people-led collective taking purposeful action to #FreePalestine. 
📍Tāmaki Makaurau AKL, NZ."
"https://cu-alumni4palestine.com","","https://cu-alumni4palestine.com","Linktree to Statements","https://linktr.ee/cua4palestine",,,,,,,"false","https://scontent-gru1-1.cdninstagram.com/v/t51.2885-19/402509730_719988643343365_4144967305050203467_n.jpg?_nc_ht=scontent-gru1-1.cdninstagram.com&_nc_cat=101&_nc_ohc=3Ki7z5drUYgQ7kNvgGQ_Vm_&edm=AEF8tYYBAAAA&ccb=7-5&oh=00_AfA7AkWZOY0RKPMviloCBs7EmlsjnrnAQxvMQDBZ4ppjQQ&oe=6630460E&_nc_sid=1e20d2","3839",,"Columbia University Alumni For Palestine",,,"false",,"false","cualumni4palestine",,"We Demand that Columbia Reverse the Suspension of Students for Justice in Palestine & Jewish Voice for Peace. Free Palestine🇵🇸"
"https://linktr.ee/toronto4palestine","Get involved","https://linktr.ee/toronto4palestine",,,,,,,,,"false","https://scontent-gru2-2.cdninstagram.com/v/t51.2885-19/341013543_757335089291994_1317205095543446415_n.jpg?_nc_ht=scontent-gru2-2.cdninstagram.com&_nc_cat=106&_nc_ohc=mhNlZzrFeqkQ7kNvgH0y1N5&edm=AEF8tYYBAAAA&ccb=7-5&oh=00_AfBoAw_K63iA1dK8J2S-TpVMBM7qongSKnsF--GKsvbrMQ&oe=66303F4E&_nc_sid=1e20d2","66884","","TORONTO 4 PALESTINE","","","true","","false","toronto4palestine","Comunidade","We aim to facilitate a global environment that supports Palestinian access to dignity, opportunity, and freedom.
Backup: @t4palestine"
"http://cnasar.fr","Soutien aux rescapé•es du génocide en Palestine","http://cnasar.fr","Linktree","https://linktr.ee/urgencepalestine","","","Inscription 5 mai Vitry • Libérez les prisonnièr•es politiques palestinien•nes","https://my.weezevent.com/liberation-pour-toustes-les-prisonnieres-politiques-palestiniennes",,,"false","https://instagram.flcg1-1.fna.fbcdn.net/v/t51.2885-19/403946078_375539858246544_426411544021805208_n.jpg?_nc_ht=instagram.flcg1-1.fna.fbcdn.net&_nc_cat=100&_nc_ohc=ZRAokfKVhiQQ7kNvgFAZ_hJ&edm=AEF8tYYBAAAA&ccb=7-5&oh=00_AfBa4B8DwEVBmkvmQO-T-ZXUOUyDRyAnnjVt-wPK4VF5TA&oe=66302A21&_nc_sid=1e20d2","35513","","Urgence Palestine","","","true","","false","urgencepalestine","Comunidad","✊🏽🇵🇸 Coordination Citoyenne Urgence Palestine : STOP AU GÉNOCIDE, à l'occupation, au colonialisme et à l'Apartheid ! CESSEZ-LE-FEU IMMÉDIAT !"
"https://www.change.org/p/ceasefirenow-%E3%82%AC%E3%82%B6%E5%9C%B0%E5%8C%BA%E3%81%A8%E3%82%A4%E3%82%B9%E3%83%A9%E3%82%A8%E3%83%AB%E3%81%AB%E3%81%8A%E3%81%91%E3%82%8B%E5%8D%B3%E6%99%82%E5%81%9C%E6%88%A6%E3%82%92%E6%B1%82%E3%82%81%E3%81%BE%E3%81%99","(停戦署名)","https://www.change.org/p/ceasefirenow-%E3%82%AC%E3%82%B6%E5%9C%B0%E5%8C%BA%E3%81%A8%E3%82%A4%E3%82%B9%E3%83%A9%E3%82%A8%E3%83%AB%E3%81%AB%E3%81%8A%E3%81%91%E3%82%8B%E5%8D%B3%E6%99%82%E5%81%9C%E6%88%A6%E3%82%92%E6%B1%82%E3%82%81%E3%81%BE%E3%81%99","ボランティア募集中","https://forms.gle/u9wQr7t9FAqh2sbs8",,,,,,,"false","https://instagram.frec6-1.fna.fbcdn.net/v/t51.2885-19/409186627_1071670457358576_7542388036193966705_n.jpg?_nc_ht=instagram.frec6-1.fna.fbcdn.net&_nc_cat=100&_nc_ohc=ukC6tlM1fSIAb7fWn3h&edm=AEF8tYYBAAAA&ccb=7-5&oh=00_AfDcfUovWBuzIsbF8U6Rgs7TaAKwgOMnDNplgJ5qfyCbrw&oe=663042D9&_nc_sid=1e20d2","21871","","パレスチナに自由を","","","false","","false","palestine.in.japanese","Comunidade","Please share with Japanese-speaking community🇵🇸
日本で報道されない76年間にも及ぶイスラエルによるパレスチナ占領問題についての情報を日本語でシェアしています。
投稿リクエストはDMで受け付けておりません。
ボランティア応募は下のリンクからお願いします。"
"",,,,,,,,,,,"true","https://instagram.fmnl33-2.fna.fbcdn.net/v/t51.2885-19/390974336_845003840608935_7459055015141981208_n.jpg?_nc_ht=instagram.fmnl33-2.fna.fbcdn.net&_nc_cat=103&_nc_ohc=9n4aSF-JiPIQ7kNvgHXuLBx&edm=AEF8tYYBAAAA&ccb=7-5&oh=00_AfCi-fy8xrapquiYbELzxtQSahtddSFN8BDSieo_rCpvxg&oe=66303156&_nc_sid=1e20d2","7460","","Youth For Palestine Vancouver","","","true","","false","yfpvancouver","Community","Youth organization to raise funds for children of Palestine and the Indigenous community 🤲🏻🇵🇸🇨🇦 yfpvancouver@gmail.com
📍unceded xʷməθkʷəy̓əm territory"
"http://www.moh.ps/","","http://www.moh.ps/",,,,,,,,,"true","https://instagram.ftse4-1.fna.fbcdn.net/v/t51.2885-19/66401225_444791716076645_6895397808489103360_n.jpg?_nc_ht=instagram.ftse4-1.fna.fbcdn.net&_nc_cat=105&_nc_ohc=8jA5pitrbSoAb77oeSH&edm=AEF8tYYBAAAA&ccb=7-5&oh=00_AfBpNCAVhIDoj809c1p7qB-3g--e5ex9V4Lhew0tNzZzuQ&oe=66303ED4&_nc_sid=1e20d2","142602","","Palestinian Ministry Of Health","","","true","Ramallah, Palestine","true","palestine.moh","Правительственная организация","الحساب الرسمي لوزارة الصحة الفلسطينية
قناة تلغرام: https://t.me/palmoh"
"http://linktr.ee/visualizing_palestine","","http://linktr.ee/visualizing_palestine",,,,,,,,,"true","https://scontent-muc2-1.cdninstagram.com/v/t51.2885-19/18252704_253567295109899_8410816683182129152_a.jpg?_nc_ht=scontent-muc2-1.cdninstagram.com&_nc_cat=111&_nc_ohc=K74GITUWHGsAb7yAjZ6&edm=AEF8tYYBAAAA&ccb=7-5&oh=00_AfB4cvuLBYwZwWa6g8EtaE1pklIujoYmrNnuTGsGzskOEQ&oe=663046D9&_nc_sid=1e20d2","177677","","Visualizing Palestine","","","true","","false","visualizing_palestine","Gemeinnützige Organisation","Visual stories for social justice. Subscribe to our newsletter (link below) to keep up with our work."
"https://youtu.be/HFp76yeu6Wo?feature=shared","","https://youtu.be/HFp76yeu6Wo?feature=shared",,,,,,,,,"false","https://instagram.fmex40-1.fna.fbcdn.net/v/t51.2885-19/423417203_400526422332807_3755394532305754934_n.jpg?_nc_ht=instagram.fmex40-1.fna.fbcdn.net&_nc_cat=103&_nc_ohc=5-T1Q0IreRIAb6uxvbx&edm=AEF8tYYBAAAA&ccb=7-5&oh=00_AfCkqExBgMRCzm-3kNO3sgiQV7ZfLoiiMMcGDIIC3oE7Gw&oe=663035DB&_nc_sid=1e20d2","14954","","The Palestine News Network™️ 🇵🇸","","","false","","false","thepalestinenewsnetwork","Educación","#PNN follow back up accounts @aburahss & @fhtmgdc , merchandise 👕 🧢 to support Gaza available at @gasrowllc , NEW @dubcaravan ALBUM OUT NOW 💿🔊🔊🔊"
"https://gofund.me/59d21169","GoFundMe Page","https://gofund.me/59d21169",,,,,,,,,"false","https://instagram.faru4-2.fna.fbcdn.net/v/t51.2885-19/434164956_1339846553358285_6535276960325286759_n.jpg?_nc_ht=instagram.faru4-2.fna.fbcdn.net&_nc_cat=109&_nc_ohc=wSwoeq9_5bIAb4VQzOb&edm=AEF8tYYBAAAA&ccb=7-5&oh=00_AfBbKoFnOG7tPzQhKvY8oA3hHjLChZmCjjR4DC2W38XhGw&oe=66304998&_nc_sid=1e20d2","736",,"Bradford Friends of Palestine",,,"false",,"false","bfdfriendsofpalestine",,"Official account for Bradford Friends of Palestine 🇵🇸
Follow us for upcoming events & actions in and around Bradford
Donate in the link below:"
"http://tinyurl.com/aclupsc","","http://tinyurl.com/aclupsc",,,,,,,,,"true","https://instagram.fnic2-2.fna.fbcdn.net/v/t51.2885-19/74364527_555750981917107_4453432631236755456_n.jpg?_nc_ht=instagram.fnic2-2.fna.fbcdn.net&_nc_cat=1&_nc_ohc=mCOhbp2WglYAb55MUFO&edm=AEF8tYYBAAAA&ccb=7-5&oh=00_AfDK8c6ShSIQZ5_kebpFBBfoPsz9J2KMydC3MGLH_mI8BQ&oe=66304572&_nc_sid=1e20d2","42995","","Palestine Solidarity Committee","","","true","","false","harvxrdpsc","Политическая организация","students at Harvard in pursuit of justice for Palestine, formerly @harvardpsc pre-suspension due to repression"
"https://boycott.thewitness.news","ลิงค์ตรวจสอบสินค้าที่สนับสนุนอิสราเอล","https://boycott.thewitness.news",,,,,,,,,"false","https://instagram.fplu38-1.fna.fbcdn.net/v/t51.2885-19/417934861_1228022294842221_4409845564176656234_n.jpg?_nc_ht=instagram.fplu38-1.fna.fbcdn.net&_nc_cat=109&_nc_ohc=OxPK-2WpaT8Ab4MK3l7&edm=AEF8tYYBAAAA&ccb=7-5&oh=00_AfCAbysaOxb-k7FOyvXHNm52sATt9BsbDd_KlT-POxbUJQ&oe=66302E22&_nc_sid=1e20d2","11304","","Free Palestine","","","false","","false","free.palestine_thailand","Educação","TELL THE  UNTOLD มุมมองที่สื่อตะวันตกไม่นำเสนอ"
"https://www.gofundme.com/f/gaza-urgent-help-needed-evacuating-21-fam-members?utm_campaign=p_cp+share-sheet&utm_medium=qr_code&utm_source=customer","Gaza Family Need Help","https://www.gofundme.com/f/gaza-urgent-help-needed-evacuating-21-fam-members?utm_campaign=p_cp+share-sheet&utm_medium=qr_code&utm_source=customer","Nasser Najjar Family","https://www.gofundme.com/f/help-me-saving-my-family-gaza?utm_campaign=p_cp+fundraiser-sidebar&utm_medium=copy_link_all&utm_source=customer","Hmidat Family Survival Fund","https://gofund.me/a607dc5c","Palestine Artisan in Gaza","https://www.gofundme.com/f/support-artisans-in-gaza?fbclid=PAAaaHpFf_sDy9-VKQ0zESRDWzaAu9derTYusnLJyjtlTmpgXa9u5O2B5N9u4_aem_Aa1-bQdnrEhioaUmuoPJR_-zpAs-o77OPBtIaGozuW9oXVVIAZw8_Zhu4EL_9OmK1b0","Palestine 101","https://www.palestinediasporamovement.com/palestine-101?fbclid=PAAaZ3i3iML4vXECc8IPB4sH3clcrbW6tC7vNTNxm6Ds2qgvBpq-VEcZMUof8","false","https://instagram.ftbs10-1.fna.fbcdn.net/v/t51.2885-19/431502741_927778211984461_5823348064322371180_n.jpg?_nc_ht=instagram.ftbs10-1.fna.fbcdn.net&_nc_cat=101&_nc_ohc=9lpPkkQkNvMQ7kNvgECqGx7&edm=AEF8tYYBAAAA&ccb=7-5&oh=00_AfAqG8bmHixTq2iJ-taJOwDA5Ha_gg2Ca4PWe3VJB0_j4g&oe=66303EFE&_nc_sid=1e20d2","5307",,"Free Palestine BC",,,"false",,"false","freepalestinebc",,"Centralized Location For Palestinian🇵🇸 Actions✊🏽 & Events📽️ Across so called ""British Columbia"". Actions Organized by Region in Highlight🍉"
"http://linktr.ee/unimelbforpalestine","Unimelb For Palestine Linktree","http://linktr.ee/unimelbforpalestine",,,,,,,,,"false","https://instagram.fqcp1-1.fna.fbcdn.net/v/t51.2885-19/440647954_748111730475140_8467662705774380212_n.jpg?_nc_ht=instagram.fqcp1-1.fna.fbcdn.net&_nc_cat=108&_nc_ohc=0sGREmio3k8Ab5poZO5&edm=AEF8tYYBAAAA&ccb=7-5&oh=00_AfAyiy-fDSPlLjXO6jF3aTNI0mojlrPKkcArccV2pG--kg&oe=66302AF1&_nc_sid=1e20d2","8426","","Unimelb for Palestine 🇵🇸","","","false","","false","unimelbforpalestine","Comunidade","We are a non-affiliated grassroots collective of University of Melbourne students, staff and alumni organizing on campus for a free Palestine."
"",,,,,,,,,,,"false","https://instagram.fkwi4-2.fna.fbcdn.net/v/t51.2885-19/274838912_3073362669648434_4168780570442819134_n.jpg?_nc_ht=instagram.fkwi4-2.fna.fbcdn.net&_nc_cat=1&_nc_ohc=fly2kacx1YkQ7kNvgHEeq0K&edm=AEF8tYYBAAAA&ccb=7-5&oh=00_AfBJjUM6FZgLf6E9RSw2lwqaPrN28J63C1P7wUii1pGCKg&oe=66304543&_nc_sid=1e20d2","71338","","Palestine Plus","","","true","","false","palestine.plus","مجتمع","🇵🇸Palestine plus , we share news photos and updates from Palestine.
✌️our backup account : @palestine.plus2"
"https://linktr.ee/trojans4palestine","Linktree","https://linktr.ee/trojans4palestine",,,,,,,,,"false","https://scontent-bog2-2.cdninstagram.com/v/t51.2885-19/396282806_3193736517595025_8235015981237129276_n.jpg?_nc_ht=scontent-bog2-2.cdninstagram.com&_nc_cat=105&_nc_ohc=g0nqVKvImVoAb410sO6&edm=AEF8tYYBAAAA&ccb=7-5&oh=00_AfAfUYQWxI4bPR3MIwgNJ_2Y2eaZwSvKoI3pxQMLEV8hUg&oe=66302914&_nc_sid=1e20d2","4102","","Trojans for Palestine","","","false","","false","trojansforpalestine","Organización política","USC Trojans united for the Palestinian people. 🕊️ 🇵🇸 | part of the USC Divest Coalition with @uscscale"
"https://linktr.ee/clcfp","","https://linktr.ee/clcfp",,,,,,,,,"true","https://instagram.fala4-3.fna.fbcdn.net/v/t51.2885-19/400544616_1067273914292299_9206494906631438307_n.jpg?_nc_ht=instagram.fala4-3.fna.fbcdn.net&_nc_cat=107&_nc_ohc=c4f1Jw_ri3oAb65MYZ1&edm=AEF8tYYBAAAA&ccb=7-5&oh=00_AfCONCoAv4i2xavECi2bExfRFRzPBUjU2M3I-KNu8JlGNw&oe=66302057&_nc_sid=1e20d2","938","","Columbia Law Coalition for a Free Palestine","","","false","","false","clsforfreepalestine","Сообщество","A collective of Columbia Law students dedicated to a Free Palestine. Otherwise known by our fans as a non recognized shell organization."
"http://linktr.ee/thenewschoolsjp","","http://linktr.ee/thenewschoolsjp",,,,,,,,,"true","https://instagram.flhe32-1.fna.fbcdn.net/v/t51.2885-19/342171686_1253939902165974_192376844042282881_n.jpg?_nc_ht=instagram.flhe32-1.fna.fbcdn.net&_nc_cat=106&_nc_ohc=3mYFtcL4150Q7kNvgEqISxg&edm=AEF8tYYBAAAA&ccb=7-5&oh=00_AfD9vEKc4EhrVzTnr2z6YG6k3My_a5i_uHMQLw9IQ1Wv1Q&oe=662F61B6&_nc_sid=1e20d2","4266","","New School Students for Justice in Palestine","","","false","","false","tns.sjp","Political organisation","🇵🇸 We meet weekly on Mondays
To get involved, fill out the form below!"
"https://docs.google.com/forms/d/e/1FAIpQLSebQ85VWO4FsfgZme7XdYMloDC4l8HUDxmvLhJcOyz-SNMXsA/viewform","Reverse Bran’s Suspension","https://docs.google.com/forms/d/e/1FAIpQLSebQ85VWO4FsfgZme7XdYMloDC4l8HUDxmvLhJcOyz-SNMXsA/viewform","","https://linktr.ee/cssw4palestine","Help a Palestinian Student’s Family Evacuate","https://www.gofundme.com/f/u3jd2e-please-donate-to-help-my-sister-and-her-family?utm_campaign=p_cp%25252Bfundraiser-sidebar&utm_medium=copy_link_all&utm_source=customer","Help feed families in the West Bank!","https://www.gofundme.com/f/help-west-bank-families-access-food?utm_campaign=p_cp+share-sheet&utm_medium=copy_link_all&utm_source=customer","Anti-Gala!","https://www.surveymonkey.com/r/Z27RXTL","true","https://instagram.fmel14-1.fna.fbcdn.net/v/t51.2885-19/402420561_1671262590029540_3977550288588601469_n.jpg?_nc_ht=instagram.fmel14-1.fna.fbcdn.net&_nc_cat=108&_nc_ohc=6uaJ1sqahrYAb4pqjw4&edm=AEF8tYYBAAAA&ccb=7-5&oh=00_AfBm-KmnJxaSOpPymhTp2C1LHvSbVcslx4r-cMCd2qkYow&oe=66302B87&_nc_sid=1e20d2","1909","","Columbia Social Workers for Palestine","","","false","","false","cssw4palestine","Community","A collective of students at Columbia University’s School of Social Work supporting Palestinian national resistance and liberation🇵🇸"
"https://linktr.ee/cork_palestine_solidarity?utm_source=linktree_profile_share&ltsid=5f9ef553-2d5d-4cf9-8eca-2a9f11d70b46","","https://linktr.ee/cork_palestine_solidarity?utm_source=linktree_profile_share&ltsid=5f9ef553-2d5d-4cf9-8eca-2a9f11d70b46","","https://docs.google.com/spreadsheets/d/1ZTs1wcyHMPJ4Bih65WYAczqUvVwVTjmqhs1UFsb73c0/htmlview%23gid=0",,,,,,,"false","https://scontent-ssn1-1.cdninstagram.com/v/t51.2885-19/369800748_350855490769001_5676044843064586856_n.jpg?_nc_ht=scontent-ssn1-1.cdninstagram.com&_nc_cat=105&_nc_ohc=ohLa37sMi0IQ7kNvgG5gCJj&edm=AEF8tYYBAAAA&ccb=7-5&oh=00_AfDWqJ_vcmxNDG6xqHSxb5wee09VaoSaBhzQ7ABXrs5jPA&oe=66304F0B&_nc_sid=1e20d2","9488","","Cork Palestine Solidarity","","","true","","false","corkpalestinesolidarity","커뮤니티","TAKE ACTION, EMAIL YOUR TDs. Link below
🇮🇪❤🇵🇸"
"https://untoldpalestine.com/","Our website","https://untoldpalestine.com/","فيلم 30 اذار","https://youtu.be/bB6V171bxr4?si=CUYOiY0QlVWBAaMB",,,,,,,"true","https://scontent-los2-1.cdninstagram.com/v/t51.2885-19/108367699_981072785649132_5950698112708448816_n.jpg?_nc_ht=scontent-los2-1.cdninstagram.com&_nc_cat=100&_nc_ohc=5dIyr9L9AU0Ab64da3V&edm=AEF8tYYBAAAA&ccb=7-5&oh=00_AfDdeIsF7BRsdpLZ8mes1ObhcObK74Z7zJzHzoAN_zpg9w&oe=66302F08&_nc_sid=1e20d2","135616","","Untold Palestine | فلسطين غير المحكية","","","true","","false","untoldpalestine","Artist","An independent platform for digital storytelling about palestinians.
مساحة مستقلة لسرد القصص الرقمية عن حياة الفلسطينين."
"http://para.org.au","PARA website","http://para.org.au","Australian Government Visa Announcement","https://www.homeaffairs.gov.au/help-and-support/hamas-israel-conflict",,,,,,,"true","https://instagram.ftpe7-1.fna.fbcdn.net/v/t51.2885-19/416907888_1785038378663724_1067281820282042175_n.jpg?_nc_ht=instagram.ftpe7-1.fna.fbcdn.net&_nc_cat=100&_nc_ohc=N3CHvoS5gAUQ7kNvgE6e6kT&edm=AEF8tYYBAAAA&ccb=7-5&oh=00_AfCtKb9IOEs0fAOzqajObHij1pOh_hAgNOG67iLWsGTtiQ&oe=6630203F&_nc_sid=1e20d2","3196","","Palestine Australia Relief and Action (PARA)","","","false","","false","para.foundation","Nonprofit organization","PARA helps Palestinian migrants and refugees live safe, happy, and fulfilling lives in Australia."
"https://linktr.ee/sjpchapman","","https://linktr.ee/sjpchapman",,,,,,,,,"true","https://scontent-gig4-1.cdninstagram.com/v/t51.2885-19/83947396_497325467651371_64676611135373312_n.jpg?_nc_ht=scontent-gig4-1.cdninstagram.com&_nc_cat=107&_nc_ohc=i1MREUxuP2gQ7kNvgGetauu&edm=AEF8tYYBAAAA&ccb=7-5&oh=00_AfCE0p2a8RKok7fUYTGfQFoLgwzn5MVjsTwP5WzaumEvbQ&oe=66305034&_nc_sid=1e20d2","3353","","Students for Justice in Palestine at CU","","","false","","false","sjpchapman","Organização juvenil","Advocating for the justice and liberation of Palestine at Chapman University 🇵🇸 🐾"
"https://linktr.ee/psc.unt","Link tree","https://linktr.ee/psc.unt","EO PETITION","https://actionnetwork.org/petitions/reject-governor-abbotts-discriminatory-and-anti-palestinian-executive-order?source=direct_link","IDF ON CAMPUS PETITION","https://actionnetwork.org/petitions/demand-unt-disinvite-idf-soldiers-from-our-campus?source=direct_link",,,,,"false","https://instagram.fmla1-1.fna.fbcdn.net/v/t51.2885-19/337679992_477238571194471_3425814968328747741_n.jpg?_nc_ht=instagram.fmla1-1.fna.fbcdn.net&_nc_cat=107&_nc_ohc=yWMfsssAbkAAb5Unqbj&edm=AEF8tYYBAAAA&ccb=7-5&oh=00_AfDcC5r6mhRr0RyJkNNvX4OeEVeGgxGN5tntEzqXca1iDA&oe=66301D77&_nc_sid=1e20d2","1811","","Palestine Solidarity Committee UNT 🇵🇸","","","false","","false","psc.unt","Community organisation","Palestine Solidarity Committee (PSC) is a student-led organization dedicated to the justice and liberation of Palestine 🇵🇸"
"https://cryptpad.fr/pad/%23/2/pad/view/L7lX1I0MsfHJ5BhF1T6dFXP84g758WBLA931KollS3Y/","Joint Statement against Government Repression of Civil Rights","https://cryptpad.fr/pad/%23/2/pad/view/L7lX1I0MsfHJ5BhF1T6dFXP84g758WBLA931KollS3Y/",,,,,,,,,"false","https://instagram.ftlv6-1.fna.fbcdn.net/v/t51.2885-19/405509299_1076382926717744_3404123900639564027_n.jpg?_nc_ht=instagram.ftlv6-1.fna.fbcdn.net&_nc_cat=108&_nc_ohc=haNsBiWYxCUQ7kNvgH7qI3C&edm=AEF8tYYBAAAA&ccb=7-5&oh=00_AfAri0whhatpcEDbbIO4yaZz2YCqYj68IqH3vApS7jNuKg&oe=66301FC0&_nc_sid=1e20d2","8856","","@free.palestine.nl (FPNL)","","","false","","false","free.palestine.nl","Digital creator","What you can do in NL to stop the genocide. TAG us in your flyerposts so we can share 🙏🏽"
"https://linktr.ee/palestinejusticemovement","","https://linktr.ee/palestinejusticemovement",,,,,,,,,"false","https://scontent-for1-1.cdninstagram.com/v/t51.2885-19/270527211_1407675563040453_9024258005397102410_n.jpg?_nc_ht=scontent-for1-1.cdninstagram.com&_nc_cat=109&_nc_ohc=sxA5dOeKfFcAb5_YrNA&edm=AEF8tYYBAAAA&ccb=7-5&oh=00_AfBM_TqjORS-IJMFSSWb3D7whC9djVce_UnI4BESCHv-4w&oe=66304B71&_nc_sid=1e20d2","4897","","Palestine Justice Movement Syd","","","false","","false","palestine.justice.movement","Organização comunitária","🍉 Grassroots campaigning against Israeli apartheid & for justice in Palestine
✊🏽 Organising on Gadigal land, Sydney
✉️ Join our mailing list 👇"
"https://cryptpad.fr/form/%23/2/form/view/ef-Qk0ulO5SkxZeuPd4fxIBsw5conPGvelxyaaI0Iq0/","BOYCOTT BEZALEL","https://cryptpad.fr/form/%23/2/form/view/ef-Qk0ulO5SkxZeuPd4fxIBsw5conPGvelxyaaI0Iq0/",,,,,,,,,"false","https://instagram.fbkk7-2.fna.fbcdn.net/v/t51.2885-19/398288714_323335940310112_5908131100303832755_n.jpg?_nc_ht=instagram.fbkk7-2.fna.fbcdn.net&_nc_cat=104&_nc_ohc=BoHSGljv8y4Q7kNvgFqL8z_&edm=AEF8tYYBAAAA&ccb=7-5&oh=00_AfCTCVYY0o9mA8K8wX4k3fhyod5vPxZZtFknzGGqNFeY0Q&oe=66301A80&_nc_sid=1e20d2","906",,"The Cooper Union Students for Justice in Palestine",,,"false",,"false","cooperunion_sjp",,"Student group committed to Palestinian justice and anti-imperialist praxis at the Cooper Union, New York."
"http://linktr.ee/yalies4palestine","","http://linktr.ee/yalies4palestine",,,,,,,,,"true","https://scontent-cgk1-1.cdninstagram.com/v/t51.2885-19/299214079_969607177210921_3304768302754340714_n.jpg?_nc_ht=scontent-cgk1-1.cdninstagram.com&_nc_cat=101&_nc_ohc=gfn-TSEspUEQ7kNvgEz52qL&edm=AEF8tYYBAAAA&ccb=7-5&oh=00_AfBkcDOMRGFT27RwyauIqOXm-_-6rTWzLLBG-9D325pbSQ&oe=66303B5B&_nc_sid=1e20d2","8794","","Yalies4Palestine","","","false","","false","yalies4palestine","Community Organization","Student group organizing Yale's campus community to support the human rights and freedom of the Palestinian people."
"https://gofund.me/ec4e2033","","https://gofund.me/ec4e2033",,,,,,,,,"false","https://scontent-fra3-1.cdninstagram.com/v/t51.2885-19/427446560_1236621783723836_1769365077298662877_n.jpg?_nc_ht=scontent-fra3-1.cdninstagram.com&_nc_cat=108&_nc_ohc=Gv1WZPWUlskAb7-UPmG&edm=AEF8tYYBAAAA&ccb=7-5&oh=00_AfBpXN1BTl-oSjdQp_T7an26PKqPFYYiFMttpRsVuAGYtQ&oe=6630369D&_nc_sid=1e20d2","685","","Palestine Cafe Utrecht","","","false","","false","palestine.cafe.utrecht","Сообщество","Every Sunday: Palestine Cafe in Utrecht, a meeting space for stepping up Palestine solidarity in Utrecht 🇵🇸🍉
Based at Moira expo. Wolvenstraat 10"
"",,,,,,,,,,,"false","https://instagram.fcgk18-1.fna.fbcdn.net/v/t51.2885-19/363351067_198339683213708_1966064320207883187_n.jpg?_nc_ht=instagram.fcgk18-1.fna.fbcdn.net&_nc_cat=108&_nc_ohc=_DU01TirdzQAb7zo79_&edm=AEF8tYYBAAAA&ccb=7-5&oh=00_AfCVjpyzhmpj4Efe0FQyUtxo4JPy2OgvVu00xVf22Yyx5A&oe=663020CE&_nc_sid=1e20d2","39453",,"palestine.solidarity",,,"true",,"false","palestine.solidarity",,"#FreePalestine ""By Any Means Necessary"" - Malcolm X"
